{
  "test_accuracy": 0.8156822810590632,
  "test_f1": 0.2026431718061674,
  "test_roc_auc": 0.7987588652482269,
  "train_f1": 0.3169164882226981,
  "overfitting_gap": 0.11427331641653068
}